"0","r <- Final_all_dataset%>%"
"0","  select(user_id, sport_name, country, bet_size)%>%"
"0","  group_by(country)%>%"
"0","  summarise(Total_betting_amount = sum(bet_size))%>%"
"0","  arrange(desc(Total_betting_amount))"
"0",""
"0","ggplot(r, aes(country, Total_betting_amount))+"
"0","  geom_point(size = 3,color=""blue"")+"
"0","  geom_line(colour = ""red"")+"
"0","  labs(title = ""Total Amount"")+"
"0","  labs(subtitle = ""Total amount spent on betting by each country"")"
"2","geom_path: Each group consists of only one observation. Do you need to adjust the group aesthetic?
"
