{"chunk_definitions":[{"row":9,"row_count":1,"visible":true,"expansion_state":0,"options":{"engine":"r","label":"setup","include":false},"document_id":"7585EB9C","chunk_id":"csetup_chunk","chunk_label":"setup"},{"row":57,"row_count":1,"visible":true,"expansion_state":0,"options":{"engine":"r","label":"unnamed-chunk-5"},"document_id":"7585EB9C","chunk_id":"cn56ht923fams","chunk_label":"unnamed-chunk-2"},{"row":66,"row_count":1,"visible":true,"expansion_state":0,"options":{"engine":"r","label":"unnamed-chunk-6"},"document_id":"7585EB9C","chunk_id":"c7469glrjmnce","chunk_label":"unnamed-chunk-3"},{"row":75,"row_count":1,"visible":true,"expansion_state":0,"options":{"engine":"r","label":"unnamed-chunk-7"},"document_id":"7585EB9C","chunk_id":"cd6zye6quqjs7","chunk_label":"unnamed-chunk-4"},{"row":84,"row_count":1,"visible":true,"expansion_state":0,"options":{"engine":"r","label":"unnamed-chunk-20"},"document_id":"7585EB9C","chunk_id":"c1l9jaoddpwul","chunk_label":"unnamed-chunk-5"},{"row":99,"row_count":1,"visible":true,"expansion_state":0,"options":{"engine":"r","label":"unnamed-chunk-21"},"document_id":"7585EB9C","chunk_id":"chjcvrl3kvyul","chunk_label":"unnamed-chunk-6"},{"row":106,"row_count":1,"visible":true,"expansion_state":0,"options":{"engine":"r","label":"unnamed-chunk-22"},"document_id":"7585EB9C","chunk_id":"cmc76ommwih3e","chunk_label":"unnamed-chunk-7"},{"row":116,"row_count":1,"visible":true,"expansion_state":0,"options":{"engine":"r","label":"unnamed-chunk-23"},"document_id":"7585EB9C","chunk_id":"csg1xktx2zi0t","chunk_label":"unnamed-chunk-8"},{"row":135,"row_count":1,"visible":true,"expansion_state":0,"options":{"engine":"r","label":"unnamed-chunk-133"},"document_id":"7585EB9C","chunk_id":"clu2js53n9k0o","chunk_label":"unnamed-chunk-9"},{"row":143,"row_count":1,"visible":true,"expansion_state":0,"options":{"engine":"r","label":"unnamed-chunk-63"},"document_id":"7585EB9C","chunk_id":"cbqbufihibtk2","chunk_label":"unnamed-chunk-10"},{"row":152,"row_count":1,"visible":true,"expansion_state":0,"options":{"engine":"r","label":"unnamed-chunk-71"},"document_id":"7585EB9C","chunk_id":"clfhlmyhxn10p","chunk_label":"unnamed-chunk-11"},{"row":161,"row_count":1,"visible":true,"expansion_state":0,"options":{"engine":"r","label":"unnamed-chunk-136"},"document_id":"7585EB9C","chunk_id":"cxdg8frp5zhhw","chunk_label":"unnamed-chunk-12"},{"row":192,"row_count":1,"visible":true,"expansion_state":0,"options":{"engine":"r","label":"unnamed-chunk-131"},"document_id":"7585EB9C","chunk_id":"cetx6eutfw3l3","chunk_label":"unnamed-chunk-13"},{"row":208,"row_count":1,"visible":true,"expansion_state":0,"options":{"engine":"r","label":"unnamed-chunk-188"},"document_id":"7585EB9C","chunk_id":"cjcqatqhmiazl","chunk_label":"unnamed-chunk-14"}],"doc_write_time":1654442057,"working_dir":null,"default_chunk_options":{"echo":true}}