EVENT ID,EVENT TYPE ID
1LXLG,1
1CPRW,1
1YFLG,1
1GPQZ,1
1ORRX,1
1DFIE,1
1XAPS,1
1EKUQ,1
1FXSX,1
1BFRJ,1
1YHPR,1
1ALLP,1
1WCRN,1
1LAAO,1
1TDOX,1
1NTQI,1
1SGQE,1
1DTTR,1
1TMAF,1
1TRSM,1
1QPWC,1
1OUAH,1
1PFGP,1
1LJPH,1
1HNDF,1
1IBIX,1
1YESM,1
1YUFI,1
1TTSJ,1
1LJBB,1
1ZIJW,1
1XLAX,1
1EOWX,1
1VIAK,1
1MMIH,1
1MLQU,1
1EDOK,1
1GXQA,1
1OIVM,1
1NHSL,1
1CKOM,1
1WFCW,1
1OZAC,1
1HATX,1
1YNKJ,1
1CQMU,1
1ETEB,1
1RBGR,1
1KZDK,1
1UXQG,1
1NRGD,1
1NKVU,1
1HLTK,1
1FGZU,1
1BWAU,1
1KNOP,1
1FJNN,1
1DPFH,1
1FCXK,1
1YTIS,1
1UZXW,1
1KMVS,1
1DYZC,1
1DEOS,1
1WBHJ,1
1GYTZ,1
1OYTI,1
1GZUD,1
1GOLW,1
1QVGF,1
1TWIR,1
1HOMD,1
1SRYW,1
1EHQU,1
1IOBB,1
1FZCI,1
1JOYZ,1
1UPZE,1
1NYUA,1
1CZZJ,1
1CTAZ,1
1IMFM,1
1CWNW,1
1MOUW,1
1VKUG,1
1AFXR,1
1QXPP,1
1ADSX,1
1NAZC,1
1CODP,1
1QVJU,1
1CGYU,1
1VSPK,1
1CQUR,1
1CIOA,1
1ZMGO,1
1DMQE,1
1FGLG,1
1LNVQ,1
1XOVR,1
1NXPJ,1
1UJHT,1
1NDYV,1
1HGZP,1
1NMTN,1
1KZSS,1
1NBQB,1
1NMIG,1
1VUFX,1
1CFCD,1
1AJVX,1
1JJPM,1
1PCTL,1
1PWFY,1
1HNEB,1
1GHFV,1
1TXGT,1
1FVOY,1
1HIMA,1
1BCKO,1
1YTAO,1
1AIRP,1
1CZJQ,1
1PHYN,1
1OFYU,1
1UZIQ,1
1EWMO,1
1EOSF,1
1BELF,1
1EBCB,1
1SCIS,1
1WPGZ,1
1RFGP,1
1ZHIA,1
1RFMI,1
1KHMJ,1
2AKRH,2
1WQJY,1
1DXFS,1
1PFFC,1
1SZFJ,1
1VSIS,1
1VAOA,1
1BROO,1
1BGKT,1
1EKSJ,1
1MSHT,1
1JISP,1
2LFGX,2
2UFIY,2
2JPGZ,2
2OOQG,2
2YVDR,2
2TACY,2
2ZMSL,2
2WYPX,2
2ZLNA,2
2QUZK,2
2TPQY,2
2LFOA,2
2IIXA,2
2CTYU,2
2GDBH,2
2UXOT,2
2VPIS,2
2XBVY,2
2TXNI,2
2YFNB,2
2TSKH,2
2CDVQ,2
2NNPL,2
2EFOO,2
2HBFI,2
2OOBV,2
2GUFH,2
2KIQJ,2
2ZPET,2
2FXJD,2
2DGRR,2
2ZNXO,2
2PLLA,2
2TSKK,2
2GKWR,2
2CQPS,2
2CPCD,2
2TRCO,2
2QTBX,2
1UPVR,1
2ZFCD,2
2VQNN,2
2ADBD,2
1UHME,1
3IMXG,3
3IXZC,3
3XIDJ,3
3DMSI,3
3KDXN,3
3LVET,3
3PRXF,3
3TWEX,3
3XVEN,3
3BYSZ,3
3JLHC,3
3NYRG,3
3XRQH,3
3PIEA,3
3OGCK,3
3CCGR,3
3DISM,3
3WGLE,3
3QFRU,3
3QJQM,3
3YBEF,3
3SGAX,3
3KEZZ,3
3QXFL,3
3XZLU,3
3TBUK,3
3VHCR,3
3XJRH,3
4NOLY,4
4COLI,4
4FJLH,4
4ZQIE,4
4ZLNE,4
4LMFY,4
4PPRR,4
4UOIL,4
4LOCH,4
4SBHW,4
4PVAB,4
4WXNG,4
4SOJE,4
4FVOQ,4
4RNQN,4
4KODQ,4
4SKQW,4
4PXAB,4
4RABV,4
4EREF,4
4SKVT,4
4FMQV,4
4NNTE,4
4IHKI,4
4RJNE,4
4AJQK,4
4XMAO,4
4TRQH,4
4SHHV,4
4AUGC,4
4OSOS,4
4TJAM,4
4YZPZ,4
4MBJA,4
4HSYJ,4
4TYRV,4
4AIQI,4
4MEDR,4
4NXDD,4
4UBTD,4
4WNBP,4
4ECJO,4
4UCKS,4
4YUMO,4
4ZYUY,4
4ONNN,4
4TTAQ,4
4EZTN,4
4FWHW,4
4STYB,4
4BMLO,4
4QVNC,4
4SWDD,4
4XETK,4
4MIJZ,4
4APDD,4
4XJDC,4
4YEIK,4
4JOZF,4
4MNEY,4
4CIQC,4
4ELDJ,4
4KVKG,4
4WSCN,4
4HJJG,4
4EOZS,4
4XYEW,4
4XPXM,4
4ZIOG,4
4YDCL,4
4JKBY,4
4GBBN,4
4OPNQ,4
4OJNJ,4
4BANW,4
4ICRM,4
4YKLX,4
4OWSL,4
4TOZV,4
4BKCX,4
4DVUL,4
4VALT,4
4DKPZ,4
4DIKO,4
4RNYA,4
4WTEJ,4
4LLRU,4
4NUQY,4
4XFHA,4
4CNWX,4
4MQRB,4
4LLVC,4
4IFNN,4
4CFSM,4
4SVXH,4
4HBOJ,4
4AIPY,4
4CSPS,4
4MTZQ,4
4MYRJ,4
4OZVO,4
4INXI,4
4QTLI,4
4VPGW,4
4MUMP,4
4PKGZ,4
4CTRI,4
4BOWY,4
4EARF,4
4XUYM,4
4TBXU,4
4YGDF,4
4VZUZ,4
4BDXI,4
4NOZW,4
4FIGD,4
4SYDJ,4
4KCHR,4
4ROZU,4
4PRJI,4
4TDYQ,4
4OVYO,4
4FYFW,4
4FDJC,4
4QFXV,4
4KBOL,4
4LBYK,4
4EVVA,4
4MSCA,4
4XYWF,4
4YCRP,4
4VFLR,4
4PHYU,4
4BETM,4
4OBEP,4
4TRIJ,4
4CRDX,4
4BSSG,4
4LYCC,4
4TZYA,4
4SLIJ,4
4KKRV,4
4SCEL,4
4OEZD,4
4COPH,4
4YUPH,4
4WJCJ,4
4IHXY,4
4ORHO,4
4HOJY,4
4QJWR,4
4BRDN,4
4IHXG,4
4CAJR,4
4XVCC,4
4RUBA,4
4DRSL,4
4KLHC,4
4ABSD,4
4ZDAE,4
4FOTI,4
4DMTI,4
4YEFN,4
4RJQO,4
4AMTK,4
4NBGB,4
4ASSC,4
4PFFK,4
4ZICA,4
4WVQE,4
4NWTI,4
4OGWZ,4
4ZBOY,4
4AXZD,4
4SFFB,4
4IBBQ,4
4HSYM,4
4FXKN,4
4YDOC,4
4UCNL,4
4SAOM,4
4UUQD,4
4XJAP,4
4SNHG,4
4IVQS,4
4ZMYE,4
4HSCW,4
4SFVR,4
4UCRM,4
4CQTZ,4
4HNYT,4
4LVZJ,4
4TEKO,4
4CGNA,4
4RPCB,4
4CHKD,4
4ZHCY,4
4AXLG,4
4SRJE,4
4PEYJ,4
4BHCL,4
4XJEV,4
4OHLI,4
4LKSJ,4
4VSZX,4
4ASTF,4
4SNHE,4
4NXZC,4
4JFAC,4
4ATDJ,4
4OXBB,4
4SWQP,4
4FHUM,4
4MWFV,4
4KCMK,4
4JNRV,4
4EXMN,4
4BEON,4
4JZHZ,4
4KUFM,4
4NCLW,4
4CLAL,4
4PKUH,4
4LKJA,4
4OFAG,4
4YASD,4
4VFMV,4
4QTXL,4
4WTZW,4
4VIVF,4
4YHZG,4
4KLLT,4
4NNEX,4
4FWEL,4
4QOVP,4
4VLTW,4
4NYOJ,4
4TKKB,4
4QYRP,4
4ZAOE,4
4RRSY,4
4UVIL,4
4TQIS,4
4EBCT,4
4WNMK,4
4NHFB,4
4GBII,4
4TLPD,4
4BSNT,4
4TPDZ,4
4NFCV,4
5WOIP,5
5EKNF,5
5UKFO,5
5TSWQ,5
5FENG,5
5GJKU,5
5QIEL,5
5WEAI,5
5DEAL,5
5AGPQ,5
5CZGB,5
5UJHT,5
5EUPC,5
5XQSC,5
5WYYK,5
5RPLT,5
5WOGI,5
5SZRR,5
5UQCC,5
5KZPL,5
5NXWV,5
5GIFG,5
5FXKW,5
5MYHX,5
5DPEV,5
5CSTP,5
5LZNJ,5
5SNYH,5
5SKWQ,5
5ZJOD,5
5ZUQI,5
5MXJN,5
5MBXX,5
5NVKW,5
5FPTD,5
5ATGI,5
5EBMC,5
5LUPL,5
5YLAO,5
5SZYA,5
5WBPC,5
5DPHQ,5
5ZGAB,5
5CBNF,5
5QBKB,5
5ZPGZ,5
5YIJG,5
5LVMR,5
5GZQW,5
5LOAK,5
5XFSW,5
5YWED,5
5MFHI,5
5OHJN,5
5JBNB,5
5YKUX,5
5JPNA,5
5XRHU,5
5EEBU,5
5JWYP,5
5ADTK,5
5TAEZ,5
5HFDA,5
5IRDW,5
5QLJY,5
5DJJW,5
5DWDU,5
5DYLX,5
5CTDK,5
5TTLI,5
5LKSA,5
5YKDF,5
5KNGH,5
5ZWLI,5
6ONXI,6
6JBUC,6
6WASH,6
6SZQL,6
6QPVO,6
6OHFH,6
6KAMS,6
6FBTI,6
6BFRG,6
6BNPJ,6
6EXJJ,6
6QJOS,6
6QPPW,6
6IHVJ,6
6OOAD,6
6CEPH,6
6DORZ,6
6XHBG,6
6MTBB,6
6YUTC,6
6VZRD,6
6MFWG,6
6WNPY,6
6PBQZ,6
6YPCX,6
6IXLN,6
6WRYV,6
6VTZJ,6
6MDAF,6
6SNZE,6
6SROV,6
6LRSB,6
6TBBD,6
6VKVB,6
6PJLO,6
6NSAP,6
6GMHD,6
6NOMT,6
6HDJI,6
6VNMN,6
6KTEI,6
6QMXC,6
6MBWU,6
6AAOB,6
6QDLM,6
6ASOJ,6
6GIBH,6
6ASQV,6
6FGDY,6
6JXGQ,6
6WUBR,6
6XWKB,6
6ERJK,6
6RFHW,6
6XNFW,6
6IDJU,6
6UYMO,6
6HLRE,6
6TXGW,6
6KPDJ,6
6IFXJ,6
6TTMC,6
6GJXN,6
6RVVE,6
6PABQ,6
6LQBQ,6
6ZVLT,6
6AIUQ,6
6ASIX,6
6PTFJ,6
6NUCL,6
6RNBG,6
6HCCM,6
6JBDQ,6
7DAWY,7
7VOSE,7
7KOPM,7
7JQCM,7
7XCJE,7
7RUDQ,7
7QTBH,7
7XXRV,7
7AHLC,7
7SHAZ,7
7PJJD,7
7AMNJ,7
7NLKJ,7
7TXMN,7
7KQKQ,7
7DOAS,7
7DGBU,7
7FIYB,7
7YAUS,7
7LTFB,7
7SJMB,7
7WPQB,7
7XMXC,7
7WQSN,7
7SAQS,7
7BVPV,7
8KAZW,8
8YNXQ,8
8IPOX,8
8IJVZ,8
8ERXJ,8
8DFHN,8
8OJOK,8
8SAZZ,8
8GALX,8
8ZTRO,8
8UKXU,8
8VRJK,8
8DXBD,8
9YGUI,9
9TULQ,9
9JFIN,9
9XRXJ,9
9ZVYH,9
9RUYT,9
9CUYD,9
9JABT,9
9OJVR,9
9UFDS,9
9AFJV,9
9FSFH,9
9SOIC,9
9EELD,9
9KQEA,9
9NJBT,9
9OUOK,9
9ZOUM,9
9VSIN,9
9VDVF,9
9PDCE,9
9QFRS,9
9ZYMK,9
9VDVV,9
9PNIQ,9
9AUMA,9
9TDSW,9
9TYCC,9
9KOPZ,9
9CBDR,9
9UOJH,9
9XZQC,9
9DWDF,9
9VGVD,9
9MTRZ,9
9KVGR,9
9JEIR,9
9JQHC,9
9OJMJ,9
9UEVI,9
9PGXL,9
9QCYO,9
9PSME,9
9UGFZ,9
9CMOC,9
9FFTH,9
9XWPH,9
9FOHT,9
9PWEZ,9
9KATC,9
9UXFG,9
9TXCG,9
9IKBV,9
9YLOF,9
9DREM,9
9CDSA,9
9MHCC,9
9KIJB,9
9RMUK,9
9VAOT,9
9KLIM,9
9YHVU,9
9QMRA,9